"","country_region","Date","cumulative_cases","cumulative_deaths","incident_cases","incident_deaths","pop2020","cases_per_100k","deaths_per_100k","inc_deaths_per_100k","days_after_onset"
"1","Albania",2020-03-10,10,0,8,0,2877.797,0.347488026431329,0,0,1
"2","Albania",2020-03-11,12,1,2,1,2877.797,0.416985631717595,0.0347488026431329,0.0347488026431329,2
"3","Albania",2020-03-12,23,1,11,0,2877.797,0.799222460792057,0.0347488026431329,0,3
"4","Albania",2020-03-13,33,1,10,0,2877.797,1.14671048722339,0.0347488026431329,0,4
"5","Albania",2020-03-14,38,1,5,0,2877.797,1.32045450043905,0.0347488026431329,0,5
"6","Albania",2020-03-15,42,1,4,0,2877.797,1.45944971101158,0.0347488026431329,0,6
"7","Albania",2020-03-16,51,1,9,0,2877.797,1.77218893479978,0.0347488026431329,0,7
"8","Albania",2020-03-17,55,1,4,0,2877.797,1.91118414537231,0.0347488026431329,0,8
"9","Albania",2020-03-18,59,2,4,1,2877.797,2.05017935594484,0.0694976052862658,0.0347488026431329,9
"10","Albania",2020-03-19,64,2,5,0,2877.797,2.22392336916051,0.0694976052862658,0,10
"11","Albania",2020-03-20,70,2,6,0,2877.797,2.4324161850193,0.0694976052862658,0,11
"12","Albania",2020-03-21,76,2,6,0,2877.797,2.6409090008781,0.0694976052862658,0,12
"13","Albania",2020-03-22,89,2,13,0,2877.797,3.09264343523883,0.0694976052862658,0,13
"14","Albania",2020-03-23,89,2,0,0,2877.797,3.09264343523883,0.0694976052862658,0,14
"15","Austria",2020-03-01,14,0,5,0,9006.398,0.155445051395686,0,0,1
"16","Austria",2020-03-02,18,0,4,0,9006.398,0.199857923223024,0,0,2
"17","Austria",2020-03-03,21,0,3,0,9006.398,0.233167577093528,0,0,3
"18","Austria",2020-03-04,29,0,8,0,9006.398,0.321993320748206,0,0,4
"19","Austria",2020-03-05,41,0,12,0,9006.398,0.455231936230222,0,0,5
"20","Austria",2020-03-06,55,0,14,0,9006.398,0.610676987625908,0,0,6
"21","Austria",2020-03-07,79,0,24,0,9006.398,0.87715421858994,0,0,7
"22","Austria",2020-03-08,104,0,25,0,9006.398,1.15473466751081,0,0,8
"23","Austria",2020-03-09,131,0,27,0,9006.398,1.45452155234534,0,0,9
"24","Austria",2020-03-10,182,0,51,0,9006.398,2.02078566814391,0,0,10
"25","Austria",2020-03-11,246,0,64,0,9006.398,2.73139161738133,0,0,11
"26","Austria",2020-03-12,302,1,56,1,9006.398,3.35317182296408,0.0111032179568347,0.0111032179568347,12
"27","Austria",2020-03-13,504,1,202,0,9006.398,5.59602185024468,0.0111032179568347,0,13
"28","Austria",2020-03-14,655,1,151,0,9006.398,7.27260776172672,0.0111032179568347,0,14
"29","Austria",2020-03-15,860,1,205,0,9006.398,9.54876744287783,0.0111032179568347,0,15
"30","Austria",2020-03-16,1018,3,158,2,9006.398,11.3030758800577,0.0333096538705041,0.0222064359136694,16
"31","Austria",2020-03-17,1332,3,314,0,9006.398,14.7894863185038,0.0333096538705041,0,17
"32","Austria",2020-03-18,1646,4,314,1,9006.398,18.2758967569499,0.0444128718273387,0.0111032179568347,18
"33","Austria",2020-03-19,2013,6,367,2,9006.398,22.3507777471082,0.0666193077410081,0.0222064359136694,19
"34","Austria",2020-03-20,2388,6,375,0,9006.398,26.5144844809212,0.0666193077410081,0,20
"35","Austria",2020-03-21,2814,8,426,2,9006.398,31.2444553305328,0.0888257436546775,0.0222064359136694,21
"36","Austria",2020-03-22,3244,16,430,8,9006.398,36.0188390519717,0.177651487309355,0.0888257436546775,22
"37","Austria",2020-03-23,3244,16,0,0,9006.398,36.0188390519717,0.177651487309355,0,23
"38","Bosnia and Herzegovina",2020-03-10,5,0,2,0,3280.819,0.152400970611302,0,0,1
"39","Bosnia and Herzegovina",2020-03-11,7,0,2,0,3280.819,0.213361358855822,0,0,2
"40","Bosnia and Herzegovina",2020-03-12,11,0,4,0,3280.819,0.335282135344864,0,0,3
"41","Bosnia and Herzegovina",2020-03-13,13,0,2,0,3280.819,0.396242523589384,0,0,4
"42","Bosnia and Herzegovina",2020-03-14,18,0,5,0,3280.819,0.548643494200686,0,0,5
"43","Bosnia and Herzegovina",2020-03-15,24,0,6,0,3280.819,0.731524658934248,0,0,6
"44","Bosnia and Herzegovina",2020-03-16,25,0,1,0,3280.819,0.762004853056508,0,0,7
"45","Bosnia and Herzegovina",2020-03-17,26,0,1,0,3280.819,0.792485047178768,0,0,8
"46","Bosnia and Herzegovina",2020-03-18,38,0,12,0,3280.819,1.15824737664589,0,0,9
"47","Bosnia and Herzegovina",2020-03-19,63,0,25,0,3280.819,1.9202522297024,0,0,10
"48","Bosnia and Herzegovina",2020-03-20,89,0,26,0,3280.819,2.71273727688117,0,0,11
"49","Bosnia and Herzegovina",2020-03-21,93,1,4,1,3280.819,2.83465805337021,0.0304801941222603,0.0304801941222603,12
"50","Bosnia and Herzegovina",2020-03-22,126,1,33,0,3280.819,3.8405044594048,0.0304801941222603,0,13
"51","Bosnia and Herzegovina",2020-03-23,126,1,0,0,3280.819,3.8405044594048,0.0304801941222603,0,14
"52","Bulgaria",2020-03-11,7,1,3,1,6948.445,0.100741964569051,0.0143917092241502,0.0143917092241502,1
"53","Bulgaria",2020-03-12,7,1,0,0,6948.445,0.100741964569051,0.0143917092241502,0,2
"54","Bulgaria",2020-03-13,23,1,16,0,6948.445,0.331009312155454,0.0143917092241502,0,3
"55","Bulgaria",2020-03-14,41,2,18,1,6948.445,0.590060078190156,0.0287834184483003,0.0143917092241502,4
"56","Bulgaria",2020-03-15,51,2,10,0,6948.445,0.733977170431658,0.0287834184483003,0,5
"57","Bulgaria",2020-03-16,52,2,1,0,6948.445,0.748368879655808,0.0287834184483003,0,6
"58","Bulgaria",2020-03-17,67,2,15,0,6948.445,0.96424451801806,0.0287834184483003,0,7
"59","Bulgaria",2020-03-18,92,2,25,0,6948.445,1.32403724862181,0.0287834184483003,0,8
"60","Bulgaria",2020-03-19,94,3,2,1,6948.445,1.35282066707011,0.0431751276724505,0.0143917092241502,9
"61","Bulgaria",2020-03-20,127,3,33,0,6948.445,1.82774707146707,0.0431751276724505,0,10
"62","Bulgaria",2020-03-21,163,3,36,0,6948.445,2.34584860353647,0.0431751276724505,0,11
"63","Bulgaria",2020-03-22,187,3,24,0,6948.445,2.69124962491608,0.0431751276724505,0,12
"64","Bulgaria",2020-03-23,187,3,0,0,6948.445,2.69124962491608,0.0431751276724505,0,13
"65","Croatia",2020-02-28,5,0,2,0,4105.267,0.12179475780747,0,0,1
"66","Croatia",2020-02-29,6,0,1,0,4105.267,0.146153709368964,0,0,2
"67","Croatia",2020-03-01,7,0,1,0,4105.267,0.170512660930458,0,0,3
"68","Croatia",2020-03-02,7,0,0,0,4105.267,0.170512660930458,0,0,4
"69","Croatia",2020-03-03,9,0,2,0,4105.267,0.219230564053446,0,0,5
"70","Croatia",2020-03-04,10,0,1,0,4105.267,0.243589515614941,0,0,6
"71","Croatia",2020-03-05,10,0,0,0,4105.267,0.243589515614941,0,0,7
"72","Croatia",2020-03-06,11,0,1,0,4105.267,0.267948467176435,0,0,8
"73","Croatia",2020-03-07,12,0,1,0,4105.267,0.292307418737929,0,0,9
"74","Croatia",2020-03-08,12,0,0,0,4105.267,0.292307418737929,0,0,10
"75","Croatia",2020-03-09,12,0,0,0,4105.267,0.292307418737929,0,0,11
"76","Croatia",2020-03-10,14,0,2,0,4105.267,0.341025321860917,0,0,12
"77","Croatia",2020-03-11,19,0,5,0,4105.267,0.462820079668387,0,0,13
"78","Croatia",2020-03-12,19,0,0,0,4105.267,0.462820079668387,0,0,14
"79","Croatia",2020-03-13,32,0,13,0,4105.267,0.77948644996781,0,0,15
"80","Croatia",2020-03-14,38,0,6,0,4105.267,0.925640159336774,0,0,16
"81","Croatia",2020-03-15,49,0,11,0,4105.267,1.19358862651321,0,0,17
"82","Croatia",2020-03-16,57,0,8,0,4105.267,1.38846023900516,0,0,18
"83","Croatia",2020-03-17,65,0,8,0,4105.267,1.58333185149711,0,0,19
"84","Croatia",2020-03-18,81,0,16,0,4105.267,1.97307507648102,0,0,20
"85","Croatia",2020-03-19,105,1,24,1,4105.267,2.55768991395688,0.0243589515614941,0.0243589515614941,21
"86","Croatia",2020-03-20,128,1,23,0,4105.267,3.11794579987124,0.0243589515614941,0,22
"87","Croatia",2020-03-21,206,1,78,0,4105.267,5.01794402166778,0.0243589515614941,0,23
"88","Croatia",2020-03-22,254,1,48,0,4105.267,6.18717369661949,0.0243589515614941,0,24
"89","Croatia",2020-03-23,254,1,0,0,4105.267,6.18717369661949,0.0243589515614941,0,25
"90","Cyprus",2020-03-09,2,0,2,0,1207.359,0.165650813055603,0,0,1
"91","Cyprus",2020-03-10,3,0,1,0,1207.359,0.248476219583405,0,0,2
"92","Cyprus",2020-03-11,6,0,3,0,1207.359,0.49695243916681,0,0,3
"93","Cyprus",2020-03-12,6,0,0,0,1207.359,0.49695243916681,0,0,4
"94","Cyprus",2020-03-13,14,0,8,0,1207.359,1.15955569138922,0,0,5
"95","Cyprus",2020-03-14,26,0,12,0,1207.359,2.15346056972284,0,0,6
"96","Cyprus",2020-03-15,26,0,0,0,1207.359,2.15346056972284,0,0,7
"97","Cyprus",2020-03-16,33,0,7,0,1207.359,2.73323841541745,0,0,8
"98","Cyprus",2020-03-17,46,0,13,0,1207.359,3.80996870027887,0,0,9
"99","Cyprus",2020-03-18,49,0,3,0,1207.359,4.05844491986228,0,0,10
"100","Cyprus",2020-03-19,67,0,18,0,1207.359,5.54930223736271,0,0,11
"101","Cyprus",2020-03-20,67,0,0,0,1207.359,5.54930223736271,0,0,12
"102","Cyprus",2020-03-21,84,0,17,0,1207.359,6.95733414833533,0,0,13
"103","Cyprus",2020-03-22,95,1,11,1,1207.359,7.86841362014115,0.0828254065278016,0.0828254065278016,14
"104","Cyprus",2020-03-23,95,1,0,0,1207.359,7.86841362014115,0.0828254065278016,0,15
"105","Czech Republic",2020-03-05,12,0,4,0,10708.981,0.112055479414895,0,0,1
"106","Czech Republic",2020-03-06,18,0,6,0,10708.981,0.168083219122342,0,0,2
"107","Czech Republic",2020-03-07,19,0,1,0,10708.981,0.17742117574025,0,0,3
"108","Czech Republic",2020-03-08,31,0,12,0,10708.981,0.289476655155145,0,0,4
"109","Czech Republic",2020-03-09,31,0,0,0,10708.981,0.289476655155145,0,0,5
"110","Czech Republic",2020-03-10,41,0,10,0,10708.981,0.382856221334224,0,0,6
"111","Czech Republic",2020-03-11,91,0,50,0,10708.981,0.849754052229619,0,0,7
"112","Czech Republic",2020-03-12,94,0,3,0,10708.981,0.877767922083343,0,0,8
"113","Czech Republic",2020-03-13,141,0,47,0,10708.981,1.31665188312501,0,0,9
"114","Czech Republic",2020-03-14,189,0,48,0,10708.981,1.76487380078459,0,0,10
"115","Czech Republic",2020-03-15,253,0,64,0,10708.981,2.3625030243307,0,0,11
"116","Czech Republic",2020-03-16,298,0,45,0,10708.981,2.78271107213656,0,0,12
"117","Czech Republic",2020-03-17,396,0,98,0,10708.981,3.69783082069153,0,0,13
"118","Czech Republic",2020-03-18,464,0,68,0,10708.981,4.33281187070927,0,0,14
"119","Czech Republic",2020-03-19,694,0,230,0,10708.981,6.48054189282809,0,0,15
"120","Czech Republic",2020-03-20,833,0,139,0,10708.981,7.77851786271728,0,0,16
"121","Czech Republic",2020-03-21,995,0,162,0,10708.981,9.29126683481836,0,0,17
"122","Czech Republic",2020-03-22,1120,1,125,1,10708.981,10.4585114120569,0.00933795661790791,0.00933795661790791,18
"123","Czech Republic",2020-03-23,1120,1,0,0,10708.981,10.4585114120569,0.00933795661790791,0,19
"124","Denmark",2020-03-03,6,0,2,0,5792.202,0.103587547533736,0,0,1
"125","Denmark",2020-03-04,11,0,5,0,5792.202,0.189910503811849,0,0,2
"126","Denmark",2020-03-05,11,0,0,0,5792.202,0.189910503811849,0,0,3
"127","Denmark",2020-03-06,24,0,13,0,5792.202,0.414350190134944,0,0,4
"128","Denmark",2020-03-07,24,0,0,0,5792.202,0.414350190134944,0,0,5
"129","Denmark",2020-03-08,37,0,13,0,5792.202,0.638789876458038,0,0,6
"130","Denmark",2020-03-09,92,0,55,0,5792.202,1.58834239551728,0,0,7
"131","Denmark",2020-03-10,264,0,172,0,5792.202,4.55785209148438,0,0,8
"132","Denmark",2020-03-11,444,0,180,0,5792.202,7.66547851749645,0,0,9
"133","Denmark",2020-03-12,617,0,173,0,5792.202,10.6522528047192,0,0,10
"134","Denmark",2020-03-13,804,0,187,0,5792.202,13.8807313695206,0,0,11
"135","Denmark",2020-03-14,836,1,32,1,5792.202,14.4331982897005,0.0172645912556226,0.0172645912556226,12
"136","Denmark",2020-03-15,875,2,39,1,5792.202,15.1065173486698,0.0345291825112453,0.0172645912556226,13
"137","Denmark",2020-03-16,933,3,58,1,5792.202,16.1078636414959,0.0517937737668679,0.0172645912556226,14
"138","Denmark",2020-03-17,1025,4,92,1,5792.202,17.6962060370132,0.0690583650224906,0.0172645912556226,15
"139","Denmark",2020-03-18,1116,4,91,0,5792.202,19.2672838412749,0.0690583650224906,0,16
"140","Denmark",2020-03-19,1225,6,109,2,5792.202,21.1491242881377,0.103587547533736,0.0345291825112453,17
"141","Denmark",2020-03-20,1337,9,112,3,5792.202,23.0827585087675,0.155381321300604,0.0517937737668679,18
"142","Denmark",2020-03-21,1420,13,83,4,5792.202,24.5157195829842,0.224439686323094,0.0690583650224906,19
"143","Denmark",2020-03-22,1514,13,94,0,5792.202,26.1385911610127,0.224439686323094,0,20
"144","Denmark",2020-03-23,1514,13,0,0,5792.202,26.1385911610127,0.224439686323094,0,21
"145","Estonia",2020-03-03,2,0,1,0,1326.535,0.150768732072655,0,0,1
"146","Estonia",2020-03-04,2,0,0,0,1326.535,0.150768732072655,0,0,2
"147","Estonia",2020-03-05,3,0,1,0,1326.535,0.226153098108983,0,0,3
"148","Estonia",2020-03-06,10,0,7,0,1326.535,0.753843660363277,0,0,4
"149","Estonia",2020-03-07,10,0,0,0,1326.535,0.753843660363277,0,0,5
"150","Estonia",2020-03-08,10,0,0,0,1326.535,0.753843660363277,0,0,6
"151","Estonia",2020-03-09,10,0,0,0,1326.535,0.753843660363277,0,0,7
"152","Estonia",2020-03-10,12,0,2,0,1326.535,0.904612392435933,0,0,8
"153","Estonia",2020-03-11,16,0,4,0,1326.535,1.20614985658124,0,0,9
"154","Estonia",2020-03-12,16,0,0,0,1326.535,1.20614985658124,0,0,10
"155","Estonia",2020-03-13,79,0,63,0,1326.535,5.95536491686989,0,0,11
"156","Estonia",2020-03-14,115,0,36,0,1326.535,8.66920209417769,0,0,12
"157","Estonia",2020-03-15,171,0,56,0,1326.535,12.890726592212,0,0,13
"158","Estonia",2020-03-16,205,0,34,0,1326.535,15.4537950374472,0,0,14
"159","Estonia",2020-03-17,225,0,20,0,1326.535,16.9614823581737,0,0,15
"160","Estonia",2020-03-18,258,0,33,0,1326.535,19.4491664373726,0,0,16
"161","Estonia",2020-03-19,267,0,9,0,1326.535,20.1276257316995,0,0,17
"162","Estonia",2020-03-20,283,0,16,0,1326.535,21.3337755882807,0,0,18
"163","Estonia",2020-03-21,306,0,23,0,1326.535,23.0676160071163,0,0,19
"164","Estonia",2020-03-22,326,0,20,0,1326.535,24.5753033278428,0,0,20
"165","Estonia",2020-03-23,326,0,0,0,1326.535,24.5753033278428,0,0,21
"166","Finland",2020-03-01,6,0,3,0,5540.72,0.108289175414026,0,0,1
"167","Finland",2020-03-02,6,0,0,0,5540.72,0.108289175414026,0,0,2
"168","Finland",2020-03-03,6,0,0,0,5540.72,0.108289175414026,0,0,3
"169","Finland",2020-03-04,6,0,0,0,5540.72,0.108289175414026,0,0,4
"170","Finland",2020-03-05,12,0,6,0,5540.72,0.216578350828051,0,0,5
"171","Finland",2020-03-06,15,0,3,0,5540.72,0.270722938535064,0,0,6
"172","Finland",2020-03-07,15,0,0,0,5540.72,0.270722938535064,0,0,7
"173","Finland",2020-03-08,23,0,8,0,5540.72,0.415108505753765,0,0,8
"174","Finland",2020-03-09,30,0,7,0,5540.72,0.541445877070128,0,0,9
"175","Finland",2020-03-10,40,0,10,0,5540.72,0.721927836093504,0,0,10
"176","Finland",2020-03-11,59,0,19,0,5540.72,1.06484355823792,0,0,11
"177","Finland",2020-03-12,59,0,0,0,5540.72,1.06484355823792,0,0,12
"178","Finland",2020-03-13,155,0,96,0,5540.72,2.79747036486233,0,0,13
"179","Finland",2020-03-14,225,0,70,0,5540.72,4.06084407802596,0,0,14
"180","Finland",2020-03-15,244,0,19,0,5540.72,4.40375980017037,0,0,15
"181","Finland",2020-03-16,277,0,33,0,5540.72,4.99935026494752,0,0,16
"182","Finland",2020-03-17,321,0,44,0,5540.72,5.79347088465037,0,0,17
"183","Finland",2020-03-18,336,0,15,0,5540.72,6.06419382318543,0,0,18
"184","Finland",2020-03-19,400,0,64,0,5540.72,7.21927836093504,0,0,19
"185","Finland",2020-03-20,450,0,50,0,5540.72,8.12168815605192,0,0,20
"186","Finland",2020-03-21,523,1,73,1,5540.72,9.43920645692256,0.0180481959023376,0.0180481959023376,21
"187","Finland",2020-03-22,626,1,103,0,5540.72,11.2981706348633,0.0180481959023376,0,22
"188","Finland",2020-03-23,626,1,0,0,5540.72,11.2981706348633,0.0180481959023376,0,23
"189","France",2020-02-29,100,2,43,0,65273.511,0.153201503133484,0.00306403006266968,0,1
"190","France",2020-03-01,130,2,30,0,65273.511,0.199161954073529,0.00306403006266968,0,2
"191","France",2020-03-02,191,3,61,1,65273.511,0.292614870984954,0.00459604509400452,0.00153201503133484,3
"192","France",2020-03-03,204,4,13,1,65273.511,0.312531066392307,0.00612806012533936,0.00153201503133484,4
"193","France",2020-03-04,288,4,84,0,65273.511,0.441220329024434,0.00612806012533936,0,5
"194","France",2020-03-05,380,6,92,2,65273.511,0.582165711907239,0.00919209018800904,0.00306403006266968,6
"195","France",2020-03-06,656,9,276,3,65273.511,1.00500186055565,0.0137881352820136,0.00459604509400452,7
"196","France",2020-03-07,957,11,301,2,65273.511,1.46613838498744,0.0168521653446832,0.00306403006266968,8
"197","France",2020-03-08,1134,19,177,8,65273.511,1.73730504553371,0.029108285595362,0.0122561202506787,9
"198","France",2020-03-09,1217,19,83,0,65273.511,1.8644622931345,0.029108285595362,0,10
"199","France",2020-03-10,1792,33,575,14,65273.511,2.74537093615203,0.0505564960340497,0.0214482104386878,11
"200","France",2020-03-11,2290,48,498,15,65273.511,3.50831442175678,0.0735367215040723,0.0229802254700226,12
"201","France",2020-03-12,2290,48,0,0,65273.511,3.50831442175678,0.0735367215040723,0,13
"202","France",2020-03-13,3678,79,1388,31,65273.511,5.63475128524954,0.121029187475452,0.04749246597138,14
"203","France",2020-03-14,4487,91,809,12,65273.511,6.87415144559943,0.13941336785147,0.0183841803760181,15
"204","France",2020-03-15,4523,91,36,0,65273.511,6.92930398672748,0.13941336785147,0,16
"205","France",2020-03-16,6668,148,2145,57,65273.511,10.2154762289407,0.226738224637556,0.0873248567860859,17
"206","France",2020-03-17,7699,148,1031,0,65273.511,11.7949837262469,0.226738224637556,0,18
"207","France",2020-03-18,9105,148,1406,0,65273.511,13.9489968603037,0.226738224637556,0,19
"208","France",2020-03-19,10947,243,1842,95,65273.511,16.7709685480225,0.372279652614366,0.14554142797681,20
"209","France",2020-03-20,12726,450,1779,207,65273.511,19.4964232887672,0.689406764100678,0.317127111486312,21
"210","France",2020-03-21,14431,562,1705,112,65273.511,22.1085089171931,0.86099244761018,0.171585683509502,22
"211","France",2020-03-22,16176,674,1745,112,65273.511,24.7818751468724,1.03257813111968,0.171585683509502,23
"212","France",2020-03-23,16044,674,-132,0,65273.511,24.5796491627362,1.03257813111968,0,24
"213","Georgia",2020-03-05,4,0,1,0,3989.167,0.100271560453598,0,0,1
"214","Georgia",2020-03-06,4,0,0,0,3989.167,0.100271560453598,0,0,2
"215","Georgia",2020-03-07,4,0,0,0,3989.167,0.100271560453598,0,0,3
"216","Georgia",2020-03-08,13,0,9,0,3989.167,0.325882571474195,0,0,4
"217","Georgia",2020-03-09,15,0,2,0,3989.167,0.376018351700994,0,0,5
"218","Georgia",2020-03-10,15,0,0,0,3989.167,0.376018351700994,0,0,6
"219","Georgia",2020-03-11,24,0,9,0,3989.167,0.601629362721591,0,0,7
"220","Georgia",2020-03-12,24,0,0,0,3989.167,0.601629362721591,0,0,8
"221","Georgia",2020-03-13,25,0,1,0,3989.167,0.62669725283499,0,0,9
"222","Georgia",2020-03-14,30,0,5,0,3989.167,0.752036703401988,0,0,10
"223","Georgia",2020-03-15,33,0,3,0,3989.167,0.827240373742187,0,0,11
"224","Georgia",2020-03-16,33,0,0,0,3989.167,0.827240373742187,0,0,12
"225","Georgia",2020-03-17,34,0,1,0,3989.167,0.852308263855587,0,0,13
"226","Georgia",2020-03-18,38,0,4,0,3989.167,0.952579824309185,0,0,14
"227","Georgia",2020-03-19,40,0,2,0,3989.167,1.00271560453598,0,0,15
"228","Georgia",2020-03-20,43,0,3,0,3989.167,1.07791927487618,0,0,16
"229","Georgia",2020-03-21,49,0,6,0,3989.167,1.22832661555658,0,0,17
"230","Georgia",2020-03-22,54,0,5,0,3989.167,1.35366606612358,0,0,18
"231","Georgia",2020-03-23,54,0,0,0,3989.167,1.35366606612358,0,0,19
"232","Germany",2020-03-01,130,0,51,0,83783.942,0.155160997318555,0,0,1
"233","Germany",2020-03-02,159,0,29,0,83783.942,0.189773835181925,0,0,2
"234","Germany",2020-03-03,196,0,37,0,83783.942,0.233935042111053,0,0,3
"235","Germany",2020-03-04,262,0,66,0,83783.942,0.31270908690355,0,0,4
"236","Germany",2020-03-05,482,0,220,0,83783.942,0.575289236211875,0,0,5
"237","Germany",2020-03-06,670,0,188,0,83783.942,0.79967590925717,0,0,6
"238","Germany",2020-03-07,799,0,129,0,83783.942,0.953643360442506,0,0,7
"239","Germany",2020-03-08,1040,0,241,0,83783.942,1.24128797854844,0,0,8
"240","Germany",2020-03-09,1176,2,136,2,83783.942,1.40361025266632,0.00238709226643931,0.00238709226643931,9
"241","Germany",2020-03-10,1457,2,281,0,83783.942,1.73899671610104,0.00238709226643931,0,10
"242","Germany",2020-03-11,1908,3,451,1,83783.942,2.27728602218311,0.00358063839965897,0.00119354613321966,11
"243","Germany",2020-03-12,2078,3,170,0,83783.942,2.48018886483045,0.00358063839965897,0,12
"244","Germany",2020-03-13,3675,7,1597,4,83783.942,4.38628203958224,0.0083548229325376,0.00477418453287863,13
"245","Germany",2020-03-14,4585,9,910,2,83783.942,5.47240902081213,0.0107419151989769,0.00238709226643931,14
"246","Germany",2020-03-15,5795,11,1210,2,83783.942,6.91659984200791,0.0131290074654162,0.00238709226643931,15
"247","Germany",2020-03-16,7272,17,1477,6,83783.942,8.67946748077335,0.0202902842647342,0.00716127679931794,16
"248","Germany",2020-03-17,9257,24,1985,7,83783.942,11.0486565552144,0.0286451071972718,0.0083548229325376,17
"249","Germany",2020-03-18,12327,28,3070,4,83783.942,14.7128431841987,0.0334192917301504,0.00477418453287863,18
"250","Germany",2020-03-19,15320,44,2993,16,83783.942,18.2851267609251,0.0525160298616649,0.0190967381315145,19
"251","Germany",2020-03-20,19848,67,4528,23,83783.942,23.6895036521437,0.079967590925717,0.0274515610640521,20
"252","Germany",2020-03-21,22213,84,2365,17,83783.942,26.5122402572082,0.100257875190451,0.0202902842647342,21
"253","Germany",2020-03-22,24873,94,2660,10,83783.942,29.6870729715725,0.112193336522648,0.0119354613321966,22
"254","Germany",2020-03-23,24873,94,0,0,83783.942,29.6870729715725,0.112193336522648,0,23
"255","Greece",2020-03-05,31,0,22,0,10423.054,0.297417628269027,0,0,1
"256","Greece",2020-03-06,45,0,14,0,10423.054,0.431735266842137,0,0,2
"257","Greece",2020-03-07,46,0,1,0,10423.054,0.441329383883073,0,0,3
"258","Greece",2020-03-08,73,0,27,0,10423.054,0.700370543988355,0,0,4
"259","Greece",2020-03-09,73,0,0,0,10423.054,0.700370543988355,0,0,5
"260","Greece",2020-03-10,89,0,16,0,10423.054,0.853876416643337,0,0,6
"261","Greece",2020-03-11,99,1,10,1,10423.054,0.949817587052701,0.00959411704093637,0.00959411704093637,7
"262","Greece",2020-03-12,99,1,0,0,10423.054,0.949817587052701,0.00959411704093637,0,8
"263","Greece",2020-03-13,190,1,91,0,10423.054,1.82288223777791,0.00959411704093637,0,9
"264","Greece",2020-03-14,228,3,38,2,10423.054,2.18745868533349,0.0287823511228091,0.0191882340818727,10
"265","Greece",2020-03-15,331,4,103,1,10423.054,3.17565274054994,0.0383764681637455,0.00959411704093637,11
"266","Greece",2020-03-16,331,4,0,0,10423.054,3.17565274054994,0.0383764681637455,0,12
"267","Greece",2020-03-17,387,5,56,1,10423.054,3.71292329484238,0.0479705852046819,0.00959411704093637,13
"268","Greece",2020-03-18,418,5,31,0,10423.054,4.0103409231114,0.0479705852046819,0,14
"269","Greece",2020-03-19,418,6,0,1,10423.054,4.0103409231114,0.0575647022456182,0.00959411704093637,15
"270","Greece",2020-03-20,495,6,77,0,10423.054,4.7490879352635,0.0575647022456182,0,16
"271","Greece",2020-03-21,530,13,35,7,10423.054,5.08488203169628,0.124723521532173,0.0671588192865546,17
"272","Greece",2020-03-22,624,15,94,2,10423.054,5.98672903354429,0.143911755614046,0.0191882340818727,18
"273","Greece",2020-03-23,624,15,0,0,10423.054,5.98672903354429,0.143911755614046,0,19
"274","Ireland",2020-03-04,6,0,4,0,4937.786,0.121511948877493,0,0,1
"275","Ireland",2020-03-05,6,0,0,0,4937.786,0.121511948877493,0,0,2
"276","Ireland",2020-03-06,18,0,12,0,4937.786,0.364535846632479,0,0,3
"277","Ireland",2020-03-07,18,0,0,0,4937.786,0.364535846632479,0,0,4
"278","Ireland",2020-03-08,19,0,1,0,4937.786,0.384787838112061,0,0,5
"279","Ireland",2020-03-09,21,0,2,0,4937.786,0.425291821071225,0,0,6
"280","Ireland",2020-03-10,34,0,13,0,4937.786,0.688567710305793,0,0,7
"281","Ireland",2020-03-11,43,1,9,1,4937.786,0.870835633622032,0.0202519914795821,0.0202519914795821,8
"282","Ireland",2020-03-12,43,1,0,0,4937.786,0.870835633622032,0.0202519914795821,0,9
"283","Ireland",2020-03-13,90,1,47,0,4937.786,1.82267923316239,0.0202519914795821,0,10
"284","Ireland",2020-03-14,129,2,39,1,4937.786,2.6125069008661,0.0405039829591643,0.0202519914795821,11
"285","Ireland",2020-03-15,129,2,0,0,4937.786,2.6125069008661,0.0405039829591643,0,12
"286","Ireland",2020-03-16,169,2,40,0,4937.786,3.42258656004938,0.0405039829591643,0,13
"287","Ireland",2020-03-17,223,2,54,0,4937.786,4.51619409994682,0.0405039829591643,0,14
"288","Ireland",2020-03-18,292,2,69,0,4937.786,5.91358151203799,0.0405039829591643,0,15
"289","Ireland",2020-03-19,557,3,265,1,4937.786,11.2803592541273,0.0607559744387464,0.0202519914795821,16
"290","Ireland",2020-03-20,683,3,126,0,4937.786,13.8321101805546,0.0607559744387464,0,17
"291","Ireland",2020-03-21,785,3,102,0,4937.786,15.897813311472,0.0607559744387464,0,18
"292","Ireland",2020-03-22,906,4,121,1,4937.786,18.3483042805014,0.0810079659183286,0.0202519914795821,19
"293","Ireland",2020-03-23,906,4,0,0,4937.786,18.3483042805014,0.0810079659183286,0,20
"294","Italy",2020-02-22,62,2,42,1,60461.826,0.102544041590805,0.0033078723093808,0.0016539361546904,1
"295","Italy",2020-02-23,155,3,93,1,60461.826,0.256360103977012,0.0049618084640712,0.0016539361546904,2
"296","Italy",2020-02-24,229,7,74,4,60461.826,0.378751379424101,0.0115775530828328,0.0066157446187616,3
"297","Italy",2020-02-25,322,10,93,3,60461.826,0.532567441810308,0.016539361546904,0.0049618084640712,4
"298","Italy",2020-02-26,453,12,131,2,60461.826,0.749233078074751,0.0198472338562848,0.0033078723093808,5
"299","Italy",2020-02-27,655,17,202,5,60461.826,1.08332818132221,0.0281169146297368,0.008269680773452,6
"300","Italy",2020-02-28,888,21,233,4,60461.826,1.46869530536507,0.0347326592484984,0.0066157446187616,7
"301","Italy",2020-02-29,1128,29,240,8,60461.826,1.86563998249077,0.0479641484860216,0.0132314892375232,8
"302","Italy",2020-03-01,1694,34,566,5,60461.826,2.80176784604554,0.0562338292594736,0.008269680773452,9
"303","Italy",2020-03-02,2036,52,342,18,60461.826,3.36741401094965,0.0860046800439008,0.0297708507844272,10
"304","Italy",2020-03-03,2502,79,466,27,60461.826,4.13814825903538,0.130660956220542,0.0446562761766408,11
"305","Italy",2020-03-04,3089,107,587,28,60461.826,5.10900878183864,0.176971168551873,0.0463102123313312,12
"306","Italy",2020-03-05,3858,148,769,41,60461.826,6.38088568479556,0.244782550894179,0.0678113823423064,13
"307","Italy",2020-03-06,4636,197,778,49,60461.826,7.66764801314469,0.325825422474009,0.0810428715798296,14
"308","Italy",2020-03-07,5883,233,1247,36,60461.826,9.73010639804362,0.385367124042863,0.0595417015688544,15
"309","Italy",2020-03-08,7375,366,1492,133,60461.826,12.1977791408417,0.605340632616686,0.219973508573823,16
"310","Italy",2020-03-09,9172,463,1797,97,60461.826,15.1699024108203,0.765772439621655,0.160431807004969,17
"311","Italy",2020-03-10,10149,631,977,168,60461.826,16.7857980339529,1.04363371360964,0.277861273987987,18
"312","Italy",2020-03-11,12462,827,2313,196,60461.826,20.6113523597518,1.36780519992896,0.324171486319318,19
"313","Italy",2020-03-12,12462,827,0,0,60461.826,20.6113523597518,1.36780519992896,0,20
"314","Italy",2020-03-13,17660,1266,5198,439,60461.826,29.2085124918325,2.09388317183805,0.726077971909085,21
"315","Italy",2020-03-14,21157,1441,3497,175,60461.826,34.9923272247848,2.38332199890886,0.28943882707082,22
"316","Italy",2020-03-15,24747,1809,3590,368,60461.826,40.9299580201233,2.99197050383493,0.608648504926067,23
"317","Italy",2020-03-16,27980,2158,3233,349,60461.826,46.2771336082374,3.56919422182188,0.577223717986949,24
"318","Italy",2020-03-17,31506,2503,3526,345,60461.826,52.1089124896757,4.13980219519007,0.570607973368188,25
"319","Italy",2020-03-18,35713,2978,4207,475,60461.826,59.0670218924582,4.92542186866801,0.78561967347794,26
"320","Italy",2020-03-19,41035,3405,5322,427,60461.826,67.8692701077205,5.63165260672081,0.7062307380528,27
"321","Italy",2020-03-20,47021,4032,5986,627,60461.826,77.7697319296973,6.66867057571169,1.03701796899088,28
"322","Italy",2020-03-21,53578,4825,6557,793,60461.826,88.6145912960022,7.98024194638118,1.31157137066949,29
"323","Italy",2020-03-22,59138,5476,5560,651,60461.826,97.8104763160808,9.05695438308463,1.07671243670345,30
"324","Italy",2020-03-23,59138,5476,0,0,60461.826,97.8104763160808,9.05695438308463,0,31
"325","Latvia",2020-03-08,2,0,1,0,1886.198,0.106033406885173,0,0,1
"326","Latvia",2020-03-09,6,0,4,0,1886.198,0.31810022065552,0,0,2
"327","Latvia",2020-03-10,8,0,2,0,1886.198,0.424133627540693,0,0,3
"328","Latvia",2020-03-11,10,0,2,0,1886.198,0.530167034425866,0,0,4
"329","Latvia",2020-03-12,10,0,0,0,1886.198,0.530167034425866,0,0,5
"330","Latvia",2020-03-13,17,0,7,0,1886.198,0.901283958523972,0,0,6
"331","Latvia",2020-03-14,26,0,9,0,1886.198,1.37843428950725,0,0,7
"332","Latvia",2020-03-15,30,0,4,0,1886.198,1.5905011032776,0,0,8
"333","Latvia",2020-03-16,34,0,4,0,1886.198,1.80256791704794,0,0,9
"334","Latvia",2020-03-17,49,0,15,0,1886.198,2.59781846868674,0,0,10
"335","Latvia",2020-03-18,71,0,22,0,1886.198,3.76418594442365,0,0,11
"336","Latvia",2020-03-19,86,0,15,0,1886.198,4.55943649606245,0,0,12
"337","Latvia",2020-03-20,111,0,25,0,1886.198,5.88485408212711,0,0,13
"338","Latvia",2020-03-21,124,0,13,0,1886.198,6.57407122688074,0,0,14
"339","Latvia",2020-03-22,139,0,15,0,1886.198,7.36932177851954,0,0,15
"340","Latvia",2020-03-23,139,0,0,0,1886.198,7.36932177851954,0,0,16
"341","Lithuania",2020-03-11,3,0,2,0,2722.289,0.110201378325372,0,0,1
"342","Lithuania",2020-03-12,3,0,0,0,2722.289,0.110201378325372,0,0,2
"343","Lithuania",2020-03-13,6,0,3,0,2722.289,0.220402756650745,0,0,3
"344","Lithuania",2020-03-14,8,0,2,0,2722.289,0.293870342200993,0,0,4
"345","Lithuania",2020-03-15,12,0,4,0,2722.289,0.44080551330149,0,0,5
"346","Lithuania",2020-03-16,17,0,5,0,2722.289,0.624474477177111,0,0,6
"347","Lithuania",2020-03-17,25,0,8,0,2722.289,0.918344819378104,0,0,7
"348","Lithuania",2020-03-18,27,0,2,0,2722.289,0.991812404928353,0,0,8
"349","Lithuania",2020-03-19,36,0,9,0,2722.289,1.32241653990447,0,0,9
"350","Lithuania",2020-03-20,49,0,13,0,2722.289,1.79995584598108,0,0,10
"351","Lithuania",2020-03-21,83,1,34,1,2722.289,3.04890480033531,0.0367337927751242,0.0367337927751242,11
"352","Lithuania",2020-03-22,131,1,48,0,2722.289,4.81212685354127,0.0367337927751242,0,12
"353","Lithuania",2020-03-23,131,1,0,0,2722.289,4.81212685354127,0.0367337927751242,0,13
"354","Luxembourg",2020-02-29,1,0,1,0,625.978,0.159750023163753,0,0,1
"355","Luxembourg",2020-03-01,1,0,0,0,625.978,0.159750023163753,0,0,2
"356","Luxembourg",2020-03-02,1,0,0,0,625.978,0.159750023163753,0,0,3
"357","Luxembourg",2020-03-03,1,0,0,0,625.978,0.159750023163753,0,0,4
"358","Luxembourg",2020-03-04,1,0,0,0,625.978,0.159750023163753,0,0,5
"359","Luxembourg",2020-03-05,1,0,0,0,625.978,0.159750023163753,0,0,6
"360","Luxembourg",2020-03-06,2,0,1,0,625.978,0.319500046327507,0,0,7
"361","Luxembourg",2020-03-07,2,0,0,0,625.978,0.319500046327507,0,0,8
"362","Luxembourg",2020-03-08,3,0,1,0,625.978,0.47925006949126,0,0,9
"363","Luxembourg",2020-03-09,3,0,0,0,625.978,0.47925006949126,0,0,10
"364","Luxembourg",2020-03-10,5,0,2,0,625.978,0.798750115818767,0,0,11
"365","Luxembourg",2020-03-11,7,0,2,0,625.978,1.11825016214627,0,0,12
"366","Luxembourg",2020-03-12,19,0,12,0,625.978,3.03525044011131,0,0,13
"367","Luxembourg",2020-03-13,34,0,15,0,625.978,5.43150078756761,0,0,14
"368","Luxembourg",2020-03-14,51,1,17,1,625.978,8.14725118135142,0.159750023163753,0.159750023163753,15
"369","Luxembourg",2020-03-15,59,1,8,0,625.978,9.42525136666145,0.159750023163753,0,16
"370","Luxembourg",2020-03-16,77,1,18,0,625.978,12.300751783609,0.159750023163753,0,17
"371","Luxembourg",2020-03-17,140,1,63,0,625.978,22.3650032429255,0.159750023163753,0,18
"372","Luxembourg",2020-03-18,203,2,63,1,625.978,32.4292547022419,0.319500046327507,0.159750023163753,19
"373","Luxembourg",2020-03-19,335,4,132,2,625.978,53.5162577598574,0.639000092655013,0.319500046327507,20
"374","Luxembourg",2020-03-20,484,4,149,0,625.978,77.3190112112566,0.639000092655013,0,21
"375","Luxembourg",2020-03-21,670,8,186,4,625.978,107.032515519715,1.27800018531003,0.639000092655013,22
"376","Luxembourg",2020-03-22,798,8,128,0,625.978,127.480518484675,1.27800018531003,0,23
"377","Luxembourg",2020-03-23,798,8,0,0,625.978,127.480518484675,1.27800018531003,0,24
"378","Moldova",2020-03-13,6,0,3,0,4033.963,0.148737110380041,0,0,1
"379","Moldova",2020-03-14,12,0,6,0,4033.963,0.297474220760081,0,0,2
"380","Moldova",2020-03-15,23,0,11,0,4033.963,0.570158923123489,0,0,3
"381","Moldova",2020-03-16,23,0,0,0,4033.963,0.570158923123489,0,0,4
"382","Moldova",2020-03-17,30,0,7,0,4033.963,0.743685551900203,0,0,5
"383","Moldova",2020-03-18,30,1,0,1,4033.963,0.743685551900203,0.0247895183966734,0.0247895183966734,6
"384","Moldova",2020-03-19,49,1,19,0,4033.963,1.214686401437,0.0247895183966734,0,7
"385","Moldova",2020-03-20,66,1,17,0,4033.963,1.63610821418045,0.0247895183966734,0,8
"386","Moldova",2020-03-21,80,1,14,0,4033.963,1.98316147173388,0.0247895183966734,0,9
"387","Moldova",2020-03-22,94,1,14,0,4033.963,2.3302147292873,0.0247895183966734,0,10
"388","Moldova",2020-03-23,94,1,0,0,4033.963,2.3302147292873,0.0247895183966734,0,11
"389","Netherlands",2020-03-02,18,0,8,0,17134.872,0.105048931792429,0,0,1
"390","Netherlands",2020-03-03,24,0,6,0,17134.872,0.140065242389905,0,0,2
"391","Netherlands",2020-03-04,38,0,14,0,17134.872,0.22176996711735,0,0,3
"392","Netherlands",2020-03-05,82,0,44,0,17134.872,0.478556244832176,0,0,4
"393","Netherlands",2020-03-06,128,1,46,1,17134.872,0.747014626079495,0.00583605176624605,0.00583605176624605,5
"394","Netherlands",2020-03-07,188,1,60,0,17134.872,1.09717773205426,0.00583605176624605,0,6
"395","Netherlands",2020-03-08,265,3,77,2,17134.872,1.5465537180552,0.0175081552987382,0.0116721035324921,7
"396","Netherlands",2020-03-09,321,3,56,0,17134.872,1.87337261696498,0.0175081552987382,0,8
"397","Netherlands",2020-03-10,382,4,61,1,17134.872,2.22937177470599,0.0233442070649842,0.00583605176624605,9
"398","Netherlands",2020-03-11,503,5,121,1,17134.872,2.93553403842176,0.0291802588312303,0.00583605176624605,10
"399","Netherlands",2020-03-12,503,5,0,0,17134.872,2.93553403842176,0.0291802588312303,0,11
"400","Netherlands",2020-03-13,806,10,303,5,17134.872,4.70385772359432,0.0583605176624605,0.0291802588312303,12
"401","Netherlands",2020-03-14,962,12,156,2,17134.872,5.6142817991287,0.0700326211949526,0.0116721035324921,13
"402","Netherlands",2020-03-15,1138,20,176,8,17134.872,6.64142690998801,0.116721035324921,0.0466884141299684,14
"403","Netherlands",2020-03-16,1416,24,278,4,17134.872,8.26384930100441,0.140065242389905,0.0233442070649842,15
"404","Netherlands",2020-03-17,1711,43,295,19,17134.872,9.98548457204699,0.25095022594858,0.110884983558675,16
"405","Netherlands",2020-03-18,2058,58,347,15,17134.872,12.0105945349344,0.338491002442271,0.0875407764936908,17
"406","Netherlands",2020-03-19,2467,77,409,19,17134.872,14.397539707329,0.449375986000946,0.110884983558675,18
"407","Netherlands",2020-03-20,3003,107,536,30,17134.872,17.5256634540369,0.624457538988327,0.175081552987382,19
"408","Netherlands",2020-03-21,3640,137,637,30,17134.872,21.2432284291356,0.799539091975709,0.175081552987382,20
"409","Netherlands",2020-03-22,4216,180,576,43,17134.872,24.6047942464933,1.05048931792429,0.25095022594858,21
"410","Netherlands",2020-03-23,4216,180,0,0,17134.872,24.6047942464933,1.05048931792429,0,22
"411","Norway",2020-02-28,6,0,5,0,5421.241,0.11067576593625,0,0,1
"412","Norway",2020-02-29,15,0,9,0,5421.241,0.276689414840624,0,0,2
"413","Norway",2020-03-01,19,0,4,0,5421.241,0.350473258798124,0,0,3
"414","Norway",2020-03-02,25,0,6,0,5421.241,0.461149024734374,0,0,4
"415","Norway",2020-03-03,32,0,7,0,5421.241,0.590270751659998,0,0,5
"416","Norway",2020-03-04,56,0,24,0,5421.241,1.032973815405,0,0,6
"417","Norway",2020-03-05,87,0,31,0,5421.241,1.60479860607562,0,0,7
"418","Norway",2020-03-06,108,0,21,0,5421.241,1.99216378685249,0,0,8
"419","Norway",2020-03-07,147,0,39,0,5421.241,2.71155626543812,0,0,9
"420","Norway",2020-03-08,176,0,29,0,5421.241,3.24648913412999,0,0,10
"421","Norway",2020-03-09,205,0,29,0,5421.241,3.78142200282186,0,0,11
"422","Norway",2020-03-10,400,0,195,0,5421.241,7.37838439574998,0,0,12
"423","Norway",2020-03-11,598,0,198,0,5421.241,11.0306846716462,0,0,13
"424","Norway",2020-03-12,702,0,104,0,5421.241,12.9490646145412,0,0,14
"425","Norway",2020-03-13,996,0,294,0,5421.241,18.3721771454174,0,0,15
"426","Norway",2020-03-14,1090,3,94,3,5421.241,20.1060974784187,0.0553378829681248,0.0553378829681248,16
"427","Norway",2020-03-15,1221,3,131,0,5421.241,22.5225183680268,0.0553378829681248,0,17
"428","Norway",2020-03-16,1333,3,112,0,5421.241,24.5884659988368,0.0553378829681248,0,18
"429","Norway",2020-03-17,1463,3,130,0,5421.241,26.9864409274555,0.0553378829681248,0,19
"430","Norway",2020-03-18,1550,6,87,3,5421.241,28.5912395335312,0.11067576593625,0.0553378829681248,20
"431","Norway",2020-03-19,1746,7,196,1,5421.241,32.2066478874486,0.129121726925625,0.0184459609893749,21
"432","Norway",2020-03-20,1914,7,168,0,5421.241,35.3055693336636,0.129121726925625,0,22
"433","Norway",2020-03-21,2118,7,204,0,5421.241,39.0685453754961,0.129121726925625,0,23
"434","Norway",2020-03-22,2383,7,265,0,5421.241,43.9567250376805,0.129121726925625,0,24
"435","Norway",2020-03-23,2383,7,0,0,5421.241,43.9567250376805,0.129121726925625,0,25
"436","Poland",2020-03-12,49,1,18,1,37846.611,0.129469980812813,0.00264224450638394,0.00264224450638394,1
"437","Poland",2020-03-13,68,2,19,1,37846.611,0.179672626434108,0.00528448901276788,0.00264224450638394,2
"438","Poland",2020-03-14,103,3,35,1,37846.611,0.272151184157546,0.00792673351915182,0.00264224450638394,3
"439","Poland",2020-03-15,119,3,16,0,37846.611,0.314427096259689,0.00792673351915182,0,4
"440","Poland",2020-03-16,177,4,58,1,37846.611,0.467677277629957,0.0105689780255358,0.00264224450638394,5
"441","Poland",2020-03-17,238,5,61,1,37846.611,0.628854192519378,0.0132112225319197,0.00264224450638394,6
"442","Poland",2020-03-18,251,5,13,0,37846.611,0.663203371102369,0.0132112225319197,0,7
"443","Poland",2020-03-19,355,5,104,0,37846.611,0.937996799766299,0.0132112225319197,0,8
"444","Poland",2020-03-20,425,5,70,0,37846.611,1.12295391521317,0.0132112225319197,0,9
"445","Poland",2020-03-21,536,5,111,0,37846.611,1.41624305542179,0.0132112225319197,0,10
"446","Poland",2020-03-22,634,7,98,2,37846.611,1.67518301704742,0.0184957115446876,0.00528448901276788,11
"447","Poland",2020-03-23,634,7,0,0,37846.611,1.67518301704742,0.0184957115446876,0,12
"448","Portugal",2020-03-06,13,0,5,0,10196.709,0.127492115348197,0,0,1
"449","Portugal",2020-03-07,20,0,7,0,10196.709,0.196141715920303,0,0,2
"450","Portugal",2020-03-08,30,0,10,0,10196.709,0.294212573880455,0,0,3
"451","Portugal",2020-03-09,30,0,0,0,10196.709,0.294212573880455,0,0,4
"452","Portugal",2020-03-10,41,0,11,0,10196.709,0.402090517636622,0,0,5
"453","Portugal",2020-03-11,59,0,18,0,10196.709,0.578618061964895,0,0,6
"454","Portugal",2020-03-12,59,0,0,0,10196.709,0.578618061964895,0,0,7
"455","Portugal",2020-03-13,112,0,53,0,10196.709,1.0983936091537,0,0,8
"456","Portugal",2020-03-14,169,0,57,0,10196.709,1.65739749952656,0,0,9
"457","Portugal",2020-03-15,245,0,76,0,10196.709,2.40273602002372,0,0,10
"458","Portugal",2020-03-16,331,0,86,0,10196.709,3.24614539848102,0,0,11
"459","Portugal",2020-03-17,448,1,117,1,10196.709,4.39357443661479,0.00980708579601516,0.00980708579601516,12
"460","Portugal",2020-03-18,448,2,0,1,10196.709,4.39357443661479,0.0196141715920303,0.00980708579601516,13
"461","Portugal",2020-03-19,785,3,337,1,10196.709,7.6985623498719,0.0294212573880455,0.00980708579601516,14
"462","Portugal",2020-03-20,1020,6,235,3,10196.709,10.0032275119355,0.058842514776091,0.0294212573880455,15
"463","Portugal",2020-03-21,1280,12,260,6,10196.709,12.5530698188994,0.117685029552182,0.058842514776091,16
"464","Portugal",2020-03-22,1600,14,320,2,10196.709,15.6913372736243,0.137299201144212,0.0196141715920303,17
"465","Portugal",2020-03-23,1600,14,0,0,10196.709,15.6913372736243,0.137299201144212,0,18
"466","Slovakia",2020-03-10,7,0,4,0,5459.642,0.128213534880126,0,0,1
"467","Slovakia",2020-03-11,10,0,3,0,5459.642,0.183162192685894,0,0,2
"468","Slovakia",2020-03-12,16,0,6,0,5459.642,0.29305950829743,0,0,3
"469","Slovakia",2020-03-13,32,0,16,0,5459.642,0.586119016594861,0,0,4
"470","Slovakia",2020-03-14,44,0,12,0,5459.642,0.805913647817934,0,0,5
"471","Slovakia",2020-03-15,54,0,10,0,5459.642,0.989075840503828,0,0,6
"472","Slovakia",2020-03-16,63,0,9,0,5459.642,1.15392181392113,0,0,7
"473","Slovakia",2020-03-17,72,0,9,0,5459.642,1.31876778733844,0,0,8
"474","Slovakia",2020-03-18,105,1,33,1,5459.642,1.92320302320189,0.0183162192685894,0.0183162192685894,9
"475","Slovakia",2020-03-19,123,1,18,0,5459.642,2.2528949700365,0.0183162192685894,0,10
"476","Slovakia",2020-03-20,137,1,14,0,5459.642,2.50932203979675,0.0183162192685894,0,11
"477","Slovakia",2020-03-21,178,1,41,0,5459.642,3.26028702980891,0.0183162192685894,0,12
"478","Slovakia",2020-03-22,185,1,7,0,5459.642,3.38850056468904,0.0183162192685894,0,13
"479","Slovakia",2020-03-23,185,1,0,0,5459.642,3.38850056468904,0.0183162192685894,0,14
"480","Slovenia",2020-03-06,7,0,5,0,2078.938,0.336710378087273,0,0,1
"481","Slovenia",2020-03-07,7,0,0,0,2078.938,0.336710378087273,0,0,2
"482","Slovenia",2020-03-08,16,0,9,0,2078.938,0.769623721342339,0,0,3
"483","Slovenia",2020-03-09,16,0,0,0,2078.938,0.769623721342339,0,0,4
"484","Slovenia",2020-03-10,31,0,15,0,2078.938,1.49114596010078,0,0,5
"485","Slovenia",2020-03-11,57,0,26,0,2078.938,2.74178450728208,0,0,6
"486","Slovenia",2020-03-12,89,0,32,0,2078.938,4.28103194996676,0,0,7
"487","Slovenia",2020-03-13,141,0,52,0,2078.938,6.78230904432936,0,0,8
"488","Slovenia",2020-03-14,181,1,40,1,2078.938,8.70636834768521,0.0481014825838962,0.0481014825838962,9
"489","Slovenia",2020-03-15,219,1,38,0,2078.938,10.5342246858733,0.0481014825838962,0,10
"490","Slovenia",2020-03-16,253,1,34,0,2078.938,12.1696750937257,0.0481014825838962,0,11
"491","Slovenia",2020-03-17,275,1,22,0,2078.938,13.2279077105715,0.0481014825838962,0,12
"492","Slovenia",2020-03-18,275,1,0,0,2078.938,13.2279077105715,0.0481014825838962,0,13
"493","Slovenia",2020-03-19,286,1,11,0,2078.938,13.7570240189943,0.0481014825838962,0,14
"494","Slovenia",2020-03-20,341,1,55,0,2078.938,16.4026055611086,0.0481014825838962,0,15
"495","Slovenia",2020-03-21,383,1,42,0,2078.938,18.4228678296322,0.0481014825838962,0,16
"496","Slovenia",2020-03-22,414,2,31,1,2078.938,19.914013789733,0.0962029651677924,0.0481014825838962,17
"497","Slovenia",2020-03-23,414,2,0,0,2078.938,19.914013789733,0.0962029651677924,0,18
"498","Spain",2020-03-01,84,0,39,0,46754.778,0.179660782476606,0,0,1
"499","Spain",2020-03-02,120,0,36,0,46754.778,0.256658260680866,0,0,2
"500","Spain",2020-03-03,165,1,45,1,46754.778,0.35290510843619,0.00213881883900721,0.00213881883900721,3
"501","Spain",2020-03-04,222,2,57,1,46754.778,0.474817782259601,0.00427763767801443,0.00213881883900721,4
"502","Spain",2020-03-05,259,3,37,1,46754.778,0.553954079302868,0.00641645651702164,0.00213881883900721,5
"503","Spain",2020-03-06,400,5,141,2,46754.778,0.855527535602885,0.0106940941950361,0.00427763767801443,6
"504","Spain",2020-03-07,500,10,100,5,46754.778,1.06940941950361,0.0213881883900721,0.0106940941950361,7
"505","Spain",2020-03-08,673,17,173,7,46754.778,1.43942507865185,0.0363599202631226,0.0149717318730505,8
"506","Spain",2020-03-09,1073,28,400,11,46754.778,2.29495261425474,0.059886927492202,0.0235270072290793,9
"507","Spain",2020-03-10,1695,35,622,7,46754.778,3.62529793211723,0.0748586593652525,0.0149717318730505,10
"508","Spain",2020-03-11,2277,54,582,19,46754.778,4.87009049641942,0.11549621730639,0.0406375579411371,11
"509","Spain",2020-03-12,2277,55,0,1,46754.778,4.87009049641942,0.117635036145397,0.00213881883900721,12
"510","Spain",2020-03-13,5232,133,2955,78,46754.778,11.1903001656857,0.284462905587959,0.166827869442563,13
"511","Spain",2020-03-14,6391,195,1159,62,46754.778,13.6691912000951,0.417069673606407,0.132606768018447,14
"512","Spain",2020-03-15,7798,289,1407,94,46754.778,16.6785093065783,0.618118644473085,0.201048970866678,15
"513","Spain",2020-03-16,9942,342,2144,53,46754.778,21.2641368974097,0.731476042940467,0.113357398467382,16
"514","Spain",2020-03-17,11748,533,1806,191,46754.778,25.1268437206567,1.13999044119084,0.408514398250378,17
"515","Spain",2020-03-18,13910,623,2162,90,46754.778,29.7509700505903,1.33248413670149,0.192493695510649,18
"516","Spain",2020-03-19,17963,830,4053,207,46754.778,38.4196028050866,1.77521963637599,0.442735499674493,19
"517","Spain",2020-03-20,20410,1043,2447,213,46754.778,43.6532925041372,2.23078804908452,0.455568412708536,20
"518","Spain",2020-03-21,25374,1375,4964,332,46754.778,54.270389220969,2.94087590363492,0.710087854550395,21
"519","Spain",2020-03-22,28768,1772,3394,397,46754.778,61.5295403605595,3.78998698272078,0.849111079085864,22
"520","Spain",2020-03-23,28768,1772,0,0,46754.778,61.5295403605595,3.78998698272078,0,23
"521","Sweden",2020-02-29,12,0,5,0,10099.265,0.118820528028525,0,0,1
"522","Sweden",2020-03-01,14,0,2,0,10099.265,0.138623949366612,0,0,2
"523","Sweden",2020-03-02,15,0,1,0,10099.265,0.148525660035656,0,0,3
"524","Sweden",2020-03-03,21,0,6,0,10099.265,0.207935924049919,0,0,4
"525","Sweden",2020-03-04,35,0,14,0,10099.265,0.346559873416531,0,0,5
"526","Sweden",2020-03-05,94,0,59,0,10099.265,0.930760802890111,0,0,6
"527","Sweden",2020-03-06,101,0,7,0,10099.265,1.00007277757342,0,0,7
"528","Sweden",2020-03-07,161,0,60,0,10099.265,1.59417541771604,0,0,8
"529","Sweden",2020-03-08,203,0,42,0,10099.265,2.01004726581588,0,0,9
"530","Sweden",2020-03-09,248,0,45,0,10099.265,2.45562424592285,0,0,10
"531","Sweden",2020-03-10,355,0,107,0,10099.265,3.51510728751053,0,0,11
"532","Sweden",2020-03-11,500,1,145,1,10099.265,4.95085533452187,0.00990171066904374,0.00990171066904374,12
"533","Sweden",2020-03-12,599,1,99,0,10099.265,5.9311246907572,0.00990171066904374,0,13
"534","Sweden",2020-03-13,814,1,215,0,10099.265,8.0599924846016,0.00990171066904374,0,14
"535","Sweden",2020-03-14,961,2,147,1,10099.265,9.51554395295103,0.0198034213380875,0.00990171066904374,15
"536","Sweden",2020-03-15,1022,3,61,1,10099.265,10.1195483037627,0.0297051320071312,0.00990171066904374,16
"537","Sweden",2020-03-16,1103,6,81,3,10099.265,10.9215868679552,0.0594102640142624,0.0297051320071312,17
"538","Sweden",2020-03-17,1190,7,87,1,10099.265,11.783035696162,0.0693119746833062,0.00990171066904374,18
"539","Sweden",2020-03-18,1279,10,89,3,10099.265,12.6642879457069,0.0990171066904374,0.0297051320071312,19
"540","Sweden",2020-03-19,1439,11,160,1,10099.265,14.2485616527539,0.108918817359481,0.00990171066904374,20
"541","Sweden",2020-03-20,1639,16,200,5,10099.265,16.2289037865627,0.1584273707047,0.0495085533452187,21
"542","Sweden",2020-03-21,1763,20,124,4,10099.265,17.4567159095241,0.198034213380875,0.039606842676175,22
"543","Sweden",2020-03-22,1934,21,171,1,10099.265,19.1499084339306,0.207935924049919,0.00990171066904374,23
"544","Sweden",2020-03-23,1934,21,0,0,10099.265,19.1499084339306,0.207935924049919,0,24
"545","Switzerland",2020-02-29,18,0,10,0,8654.622,0.207981353778363,0,0,1
"546","Switzerland",2020-03-01,27,0,9,0,8654.622,0.311972030667544,0,0,2
"547","Switzerland",2020-03-02,42,0,15,0,8654.622,0.485289825482846,0,0,3
"548","Switzerland",2020-03-03,56,0,14,0,8654.622,0.647053100643795,0,0,4
"549","Switzerland",2020-03-04,90,0,34,0,8654.622,1.03990676889181,0,0,5
"550","Switzerland",2020-03-05,114,1,24,1,8654.622,1.3172152405963,0.0115545196543535,0.0115545196543535,6
"551","Switzerland",2020-03-06,214,1,100,0,8654.622,2.47266720603164,0.0115545196543535,0,7
"552","Switzerland",2020-03-07,268,1,54,0,8654.622,3.09661126736673,0.0115545196543535,0,8
"553","Switzerland",2020-03-08,337,2,69,1,8654.622,3.89387312351712,0.023109039308707,0.0115545196543535,9
"554","Switzerland",2020-03-09,374,2,37,0,8654.622,4.3213903507282,0.023109039308707,0,10
"555","Switzerland",2020-03-10,491,3,117,1,8654.622,5.67326915028756,0.0346635589630604,0.0115545196543535,11
"556","Switzerland",2020-03-11,652,4,161,1,8654.622,7.53354681463847,0.0462180786174139,0.0115545196543535,12
"557","Switzerland",2020-03-12,652,4,0,0,8654.622,7.53354681463847,0.0462180786174139,0,13
"558","Switzerland",2020-03-13,1139,11,487,7,8654.622,13.1605978863086,0.127099716197888,0.0808816375804744,14
"559","Switzerland",2020-03-14,1359,13,220,2,8654.622,15.7025922102664,0.150208755506595,0.023109039308707,15
"560","Switzerland",2020-03-15,2200,14,841,1,8654.622,25.4199432395777,0.161763275160949,0.0115545196543535,16
"561","Switzerland",2020-03-16,2200,14,0,0,8654.622,25.4199432395777,0.161763275160949,0,17
"562","Switzerland",2020-03-17,2700,27,500,13,8654.622,31.1972030667544,0.311972030667544,0.150208755506595,18
"563","Switzerland",2020-03-18,3028,28,328,1,8654.622,34.9870855133823,0.323526550321897,0.0115545196543535,19
"564","Switzerland",2020-03-19,4075,41,1047,13,8654.622,47.0846675914904,0.473735305828493,0.150208755506595,20
"565","Switzerland",2020-03-20,5294,54,1219,13,8654.622,61.1696270501473,0.623944061335088,0.150208755506595,21
"566","Switzerland",2020-03-21,6575,75,1281,21,8654.622,75.9709667273741,0.866588974076511,0.242644912741423,22
"567","Switzerland",2020-03-22,7245,98,670,23,8654.622,83.7124948957909,1.13234292612664,0.26575395205013,23
"568","Switzerland",2020-03-23,7245,98,0,0,8654.622,83.7124948957909,1.13234292612664,0,24
"569","United Kingdom",2020-03-04,86,0,35,0,67886.011,0.126682947978782,0,0,1
"570","United Kingdom",2020-03-05,116,1,30,1,67886.011,0.170874674017892,0.001473057534637,0.001473057534637,2
"571","United Kingdom",2020-03-06,164,2,48,1,67886.011,0.241581435680467,0.00294611506927399,0.001473057534637,3
"572","United Kingdom",2020-03-07,207,2,43,0,67886.011,0.304922909669858,0.00294611506927399,0,4
"573","United Kingdom",2020-03-08,274,3,67,1,67886.011,0.403617764490537,0.00441917260391099,0.001473057534637,5
"574","United Kingdom",2020-03-09,322,4,48,1,67886.011,0.474324526153113,0.00589223013854798,0.001473057534637,6
"575","United Kingdom",2020-03-10,384,6,62,2,67886.011,0.565654093300607,0.00883834520782198,0.00294611506927399,7
"576","United Kingdom",2020-03-11,459,8,75,2,67886.011,0.676133408398381,0.011784460277096,0.00294611506927399,8
"577","United Kingdom",2020-03-12,459,8,0,0,67886.011,0.676133408398381,0.011784460277096,0,9
"578","United Kingdom",2020-03-13,802,8,343,0,67886.011,1.18139214277887,0.011784460277096,0,10
"579","United Kingdom",2020-03-14,1144,21,342,13,67886.011,1.68517781962472,0.0309342082273769,0.0191497479502809,11
"580","United Kingdom",2020-03-15,1145,21,1,0,67886.011,1.68665087715936,0.0309342082273769,0,12
"581","United Kingdom",2020-03-16,1551,56,406,35,67886.011,2.28471223622198,0.0824912219396718,0.0515570137122949,13
"582","United Kingdom",2020-03-17,1960,56,409,0,67886.011,2.88719276788851,0.0824912219396718,0,14
"583","United Kingdom",2020-03-18,2642,72,682,16,67886.011,3.89181800651094,0.106060142493864,0.0235689205541919,15
"584","United Kingdom",2020-03-19,2716,138,74,66,67886.011,4.00082426407408,0.203281939779905,0.0972217972860417,16
"585","United Kingdom",2020-03-20,4014,178,1298,40,67886.011,5.9128529440329,0.262204241165385,0.0589223013854798,17
"586","United Kingdom",2020-03-21,5067,234,1053,56,67886.011,7.46398252800566,0.344695463105057,0.0824912219396718,18
"587","United Kingdom",2020-03-22,5741,282,674,48,67886.011,8.456823306351,0.415402224767633,0.0707067616625758,19
"588","United Kingdom",2020-03-23,5741,282,0,0,67886.011,8.456823306351,0.415402224767633,0,20
